{"selected": {"BULL_TREND|1": [0.75, 2, 0.15], "BULL_PULLBACK|1": [1.0, 1, 0.07], "CHOP_HIGHVOL|1": [0.0, 1, 0.2], "BEAR_TREND|1": [1.0, 3, 0.2], "BEAR_BOUNCE|1": [0.75, 2, 0.05], "CHOP_HIGHVOL|-1": [0.25, 1, 0.05], "BEAR_TREND|-1": [1.0, 3, 0.05], "BULL_PULLBACK|-1": [0.0, 1, 0.07], "BEAR_BOUNCE|-1": [0.5, 3, 0.05]}, "test_sharpe": -0.04709544387981333, "ref_test_sharpe": 0.6748697529254094}