{
 "A": {
  "cagr": 0.10109742045741599,
  "maxdd": -0.05973005164843159,
  "sharpe": 1.7613755430310083,
  "calmar": 1.6925721252087789,
  "final": 1247.7934376300989,
  "yearly": [
   [
    2017,
    0.1442010590824767,
    -0.02570519466095722
   ],
   [
    2018,
    -0.004226020583633527,
    -0.05973005164843237
   ],
   [
    2019,
    0.06393686560892387,
    -0.04794918074722776
   ],
   [
    2020,
    0.33735343238485194,
    -0.027430158749053746
   ],
   [
    2021,
    0.05926589575932639,
    -0.0318244718776598
   ],
   [
    2022,
    0.04051750124438347,
    -0.04428472047193066
   ],
   [
    2023,
    0.05460788792445159,
    -0.03230519596802117
   ],
   [
    2024,
    0.08175682805488149,
    -0.022007387872716277
   ],
   [
    2025,
    0.10068851185012884,
    -0.019430161674877988
   ],
   [
    2026,
    0.11226442387899604,
    -0.047820338016451025
   ]
  ],
  "worst": -0.004226020583633527,
  "best": 0.33735343238485194,
  "pos": 9,
  "n": 10
 },
 "B": {
  "cagr": 0.5270928108480422,
  "maxdd": -0.5937100394627037,
  "sharpe": 1.010519181462193,
  "calmar": 0.8877950107177758,
  "final": 27857.106387805434,
  "yearly": [
   [
    2017,
    4.234472567774649,
    -0.37125381634362264
   ],
   [
    2018,
    -0.20130332864736566,
    -0.5370431059878634
   ],
   [
    2019,
    0.19767775489886175,
    -0.5937100394627043
   ],
   [
    2020,
    3.1312675720228054,
    -0.1765037737224675
   ],
   [
    2021,
    0.3543359850423886,
    -0.4812573862758539
   ],
   [
    2022,
    0.03315133301837836,
    -0.3615809628696559
   ],
   [
    2023,
    0.24674996337747968,
    -0.3105269554663167
   ],
   [
    2024,
    0.2591404490753897,
    -0.3598688988877994
   ],
   [
    2025,
    0.08938888778142817,
    -0.2174095745135768
   ],
   [
    2026,
    0.12554029992647253,
    -0.18300540407345267
   ]
  ],
  "worst": -0.20130332864736566,
  "best": 4.234472567774649,
  "pos": 9,
  "n": 10,
  "weight_btc": 1.0,
  "leverage": 1.5
 },
 "C": {
  "cagr": 0.4547626444686761,
  "dd": -0.5500519476418682,
  "sharpe": 1.0160499185438419,
  "calmar": 0.8267630837747098,
  "final": 17572.207862655105,
  "yr": [
   [
    2017,
    1.0666978042739568,
    -0.35744739940852444
   ],
   [
    2018,
    -0.1826365437987344,
    -0.347728877007888
   ],
   [
    2019,
    1.2189859326457944,
    -0.32552686096610417
   ],
   [
    2020,
    1.5511622143644543,
    -0.30957269296979384
   ],
   [
    2021,
    0.19470421899202717,
    -0.4137197856997554
   ],
   [
    2022,
    -0.27432084025455084,
    -0.3270273329875386
   ],
   [
    2023,
    0.37698737205007493,
    -0.25396683634897554
   ],
   [
    2024,
    0.18499058643925914,
    -0.3209063990464708
   ],
   [
    2025,
    0.677923264453753,
    -0.13573137500925414
   ],
   [
    2026,
    0.5482800149477591,
    -0.35550988849642584
   ]
  ],
  "leverage": 2.25
 }
}