{
 "all_weather": {
  "cagr": 0.10109742045741599,
  "maxdd": -0.05973005164843159,
  "sharpe": 1.7613755430310083,
  "calmar": 1.6925721252087789,
  "final": 1247.7934376300989,
  "yearly": [
   [
    2017,
    0.1442010590824767,
    -0.02570519466095722
   ],
   [
    2018,
    -0.004226020583633527,
    -0.05973005164843237
   ],
   [
    2019,
    0.06393686560892387,
    -0.04794918074722776
   ],
   [
    2020,
    0.33735343238485194,
    -0.027430158749053746
   ],
   [
    2021,
    0.05926589575932639,
    -0.0318244718776598
   ],
   [
    2022,
    0.04051750124438347,
    -0.04428472047193066
   ],
   [
    2023,
    0.05460788792445159,
    -0.03230519596802117
   ],
   [
    2024,
    0.08175682805488149,
    -0.022007387872716277
   ],
   [
    2025,
    0.10068851185012884,
    -0.019430161674877988
   ],
   [
    2026,
    0.11226442387899604,
    -0.047820338016451025
   ]
  ],
  "worst": -0.004226020583633527,
  "best": 0.33735343238485194,
  "pos": 9,
  "n": 10
 },
 "aggressive": {
  "cagr": 0.5270928108480422,
  "maxdd": -0.5937100394627037,
  "sharpe": 1.010519181462193,
  "calmar": 0.8877950107177758,
  "final": 27857.106387805434,
  "yearly": [
   [
    2017,
    4.234472567774649,
    -0.37125381634362264
   ],
   [
    2018,
    -0.20130332864736566,
    -0.5370431059878634
   ],
   [
    2019,
    0.19767775489886175,
    -0.5937100394627043
   ],
   [
    2020,
    3.1312675720228054,
    -0.1765037737224675
   ],
   [
    2021,
    0.3543359850423886,
    -0.4812573862758539
   ],
   [
    2022,
    0.03315133301837836,
    -0.3615809628696559
   ],
   [
    2023,
    0.24674996337747968,
    -0.3105269554663167
   ],
   [
    2024,
    0.2591404490753897,
    -0.3598688988877994
   ],
   [
    2025,
    0.08938888778142817,
    -0.2174095745135768
   ],
   [
    2026,
    0.12554029992647253,
    -0.18300540407345267
   ]
  ],
  "worst": -0.20130332864736566,
  "best": 4.234472567774649,
  "pos": 9,
  "n": 10,
  "weight_btc": 1.0,
  "leverage": 1.5
 }
}